hours_studied,hours_slept,score,passed
7.7396,3.4344,36.5422,0.0000
4.3888,6.2078,57.2368,1.0000
8.5860,3.9032,47.2453,0.0000
6.9737,4.0663,45.1422,0.0000
0.9418,7.4260,37.3537,0.0000
9.7562,5.7505,78.3168,1.0000
7.6114,9.4530,62.8669,1.0000
7.8606,5.2341,62.9510,1.0000
1.2811,8.0833,39.7808,0.0000
4.5039,6.2277,51.3442,1.0000
3.7080,7.6197,55.4516,1.0000
9.2676,7.1979,82.1092,1.0000
6.4387,6.3095,64.0042,1.0000
8.2276,9.6504,65.1676,1.0000
4.4341,5.3990,51.5284,1.0000
2.2724,4.2406,24.1719,0.0000
5.5458,7.7467,61.3808,1.0000
0.6382,8.9221,34.5652,0.0000
8.2763,3.2818,47.5811,0.0000
6.3166,6.1474,57.5629,1.0000
7.5809,9.2474,69.8769,1.0000
3.5453,8.2473,44.0366,0.0000
9.7070,9.9427,72.4709,1.0000
8.9312,6.7199,84.7393,1.0000
7.7838,7.6200,75.8451,1.0000
1.9464,5.1174,34.0605,0.0000
4.6672,9.6327,46.9970,0.0000
0.4380,5.5643,29.8209,0.0000
1.5429,8.1696,40.8096,0.0000
6.8305,5.8220,60.3770,1.0000
7.4476,6.9327,70.4350,1.0000
9.6751,8.0385,83.5891,1.0000
3.2583,6.5625,46.4647,0.0000
3.7046,9.3496,43.4558,0.0000
4.6956,5.9351,48.1390,0.0000
1.8947,7.5295,46.0347,0.0000
1.2992,5.3965,34.8283,0.0000
4.7570,5.8571,54.3136,1.0000
2.2691,6.0804,46.1753,0.0000
6.6981,3.8806,42.6428,0.0000
4.3715,3.6421,28.6583,0.0000
8.3268,7.6724,77.7898,1.0000
7.0027,7.5886,69.6314,1.0000
3.1237,7.6404,48.4556,0.0000
8.3226,3.1384,47.4219,0.0000
8.0476,5.2858,63.6253,1.0000
3.8748,4.3847,32.2998,0.0000
2.8833,8.4471,49.3586,0.0000
6.8250,9.0244,65.4845,1.0000
1.3975,4.7268,20.9868,0.0000
1.9991,7.6749,49.4249,0.0000
0.0736,3.9055,9.1510,0.0000
7.8692,4.9261,56.6522,1.0000
6.6485,3.9706,48.0841,0.0000
7.0517,4.9846,60.1070,1.0000
7.8073,7.7232,68.8787,1.0000
4.5892,9.3723,58.0436,1.0000
5.6874,4.4177,47.0706,0.0000
1.3980,6.7946,40.9538,0.0000
1.1453,7.9097,46.7516,0.0000
6.6840,9.6705,59.6356,1.0000
4.7110,7.2704,58.3371,1.0000
5.6524,4.7857,45.8863,0.0000
7.6500,7.3783,75.5477,1.0000
6.3472,5.2434,58.4582,1.0000
5.5358,9.8329,51.8529,1.0000
5.5921,5.7977,54.0050,1.0000
3.0395,7.7980,50.5396,1.0000
0.3082,3.1626,0.0000,0.0000
4.3672,5.8004,45.7249,0.0000
2.1458,9.1258,34.5558,0.0000
4.0853,7.2716,57.5827,1.0000
8.5340,6.1076,63.3850,1.0000
2.3394,9.5516,39.1008,0.0000
0.5830,8.9779,31.6345,0.0000
2.8138,5.2555,44.2267,0.0000
2.9359,6.8118,46.7587,0.0000
6.6192,6.4288,68.4387,1.0000
5.5703,7.4254,61.2528,1.0000
7.8390,5.3388,65.3081,1.0000
6.6431,4.7094,55.5885,1.0000
4.0639,9.3887,46.3347,0.0000
8.1402,9.4671,71.9481,1.0000
1.6697,8.9033,35.4356,0.0000
0.2271,9.8474,26.2931,0.0000
0.9005,8.2149,42.1707,0.0000
7.2236,8.3527,72.3040,1.0000
4.6188,8.3381,64.3547,1.0000
1.6127,6.3643,37.4300,0.0000
5.0104,6.1952,51.1305,1.0000
1.5231,4.6816,22.7513,0.0000
6.9632,7.5137,72.4574,1.0000
4.4616,5.0252,47.0506,0.0000
3.8102,4.8047,39.9304,0.0000
3.0151,7.1017,45.2665,0.0000
6.3028,5.8699,64.2670,1.0000
3.6181,4.5320,30.5737,0.0000
0.8765,8.7124,41.0785,0.0000
1.1801,9.0240,47.6850,0.0000
9.6190,4.1739,62.4348,1.0000
9.0858,3.0525,43.2018,0.0000
6.9971,5.3529,58.7939,1.0000
2.6587,8.5826,38.7087,0.0000
9.6918,8.8742,77.2710,1.0000
7.7875,3.9683,44.6202,0.0000
7.1689,8.4204,63.3624,1.0000
4.4936,3.8099,37.1243,0.0000
2.7224,5.7304,43.4408,0.0000
0.9639,9.9903,28.9354,0.0000
9.0260,4.3481,59.0255,1.0000
4.5578,4.0777,33.6737,0.0000
2.0236,5.9596,44.2307,0.0000
3.0596,7.3377,50.1158,1.0000
5.7922,9.5303,57.8395,1.0000
1.7677,9.8657,31.8611,0.0000
8.5661,3.4875,44.2615,0.0000
7.5852,3.9660,42.3198,0.0000
7.1946,8.5352,60.9190,1.0000
4.3209,4.8944,41.9804,0.0000
6.2731,9.1939,60.8525,1.0000
5.8410,7.6442,59.0188,1.0000
6.4985,3.7829,39.7210,0.0000
0.8444,8.8277,35.9116,0.0000
4.1581,4.2345,25.8393,0.0000
0.4161,5.9645,28.7045,0.0000
4.9399,6.8653,60.5229,1.0000
3.2986,6.5054,51.0627,1.0000
1.4452,7.8031,37.4277,0.0000
1.0340,7.5688,40.7945,0.0000
5.8764,9.9443,56.5227,1.0000
1.7059,9.9960,34.1784,0.0000
9.2512,6.6152,79.3092,1.0000
5.8106,3.6664,32.7881,0.0000
3.4687,8.0949,49.1183,0.0000
5.9092,9.8366,55.4972,1.0000
0.2280,5.2283,26.5992,0.0000
9.5856,6.2285,82.2120,1.0000
4.8230,5.9734,54.9819,1.0000
7.8274,3.3599,43.1315,0.0000
0.8273,7.7059,39.4301,0.0000
4.8666,5.4734,54.2572,1.0000
4.9071,8.5122,60.9694,1.0000
9.3783,8.8248,75.1628,1.0000
5.7173,8.7486,53.2357,1.0000
4.7349,5.9167,59.8345,1.0000
2.6698,5.2508,39.2578,0.0000
3.3157,8.2417,43.6201,0.0000
5.2067,8.6097,55.7154,1.0000
4.3891,6.4388,57.7808,1.0000
0.2161,9.2512,28.8284,0.0000
8.2629,4.0074,49.8693,0.0000
8.9616,9.1535,79.9436,1.0000
1.4025,3.6727,8.5263,0.0000
5.5404,4.0747,36.0435,0.0000
1.0858,6.7369,40.1096,0.0000
6.7224,3.4726,37.7344,0.0000
2.8123,3.3696,16.9275,0.0000
6.5942,3.0036,31.1814,0.0000
7.2699,6.0542,67.9635,1.0000
7.6865,8.4224,73.6884,1.0000
1.0774,3.2439,3.1209,0.0000
9.1601,7.5658,81.0427,1.0000
2.3021,8.7619,43.7561,0.0000
0.3741,4.1760,15.6331,0.0000
5.5485,4.0280,41.7239,0.0000
3.7092,9.0256,51.1117,1.0000
8.2979,8.7619,73.4817,1.0000
8.0825,6.7726,71.1178,1.0000
3.1714,8.7344,48.0801,0.0000
9.5290,3.6493,52.8770,1.0000
2.9092,5.7614,44.2730,0.0000
5.1506,8.1646,68.6956,1.0000
2.5597,4.8022,31.1465,0.0000
9.3604,8.2663,82.3169,1.0000
1.6461,6.5293,45.6195,0.0000
0.4491,8.2519,36.5069,0.0000
4.3510,6.2528,62.9950,1.0000
9.9238,5.5753,75.6979,1.0000
8.9168,4.5343,63.2898,1.0000
7.4861,4.4587,50.7356,1.0000
8.9079,8.2604,76.9770,1.0000
8.9345,3.8324,53.7651,1.0000
5.1886,3.6019,33.9374,0.0000
3.1593,4.2340,30.7398,0.0000
7.7201,4.2274,57.2176,1.0000
6.6166,8.7618,64.5192,1.0000
3.7366,5.7895,46.5029,0.0000
0.9447,9.9327,38.7030,0.0000
7.4679,3.9605,48.8600,0.0000
2.6246,7.5748,45.2339,0.0000
9.3681,6.1411,75.3704,1.0000
2.4097,5.7504,37.1558,0.0000
1.2276,9.1256,39.5991,0.0000
8.3111,9.8292,64.2481,1.0000
1.5328,9.1100,37.9894,0.0000
1.7927,4.3461,23.8153,0.0000
5.9938,4.5456,50.4380,1.0000
8.7456,7.5925,75.3240,1.0000
1.9643,5.0236,28.2542,0.0000
3.1032,8.1431,50.5863,1.0000
7.7740,6.9649,75.7015,1.0000
9.7183,6.8564,84.0929,1.0000
5.0074,8.7998,53.4201,1.0000
1.4390,7.9737,44.4560,0.0000
0.1394,3.1860,0.0000,0.0000
2.2966,3.3462,9.8888,0.0000
1.3182,7.2109,37.6481,0.0000
6.7766,6.4033,71.6823,1.0000
1.2183,4.8213,29.2744,0.0000
5.0633,5.9306,57.8104,1.0000
6.9426,8.3054,73.4047,1.0000
5.8112,8.7863,71.9974,1.0000
1.9978,6.9286,37.4988,0.0000
8.0412,5.6976,65.7553,1.0000
7.1541,4.8949,54.7323,1.0000
7.3898,6.6534,67.1126,1.0000
1.3106,5.2032,26.6924,0.0000
1.2375,6.9487,39.3811,0.0000
9.2756,7.7366,76.3998,1.0000
3.9758,3.4626,23.6171,0.0000
3.0095,3.0075,9.8886,0.0000
4.8858,4.4859,43.1842,0.0000
6.6286,9.2616,63.9678,1.0000
9.5562,7.5240,85.1920,1.0000
2.8645,4.2037,26.0978,0.0000
9.2481,9.2318,83.7264,1.0000
0.2486,6.2897,34.2510,0.0000
5.5520,6.3326,52.5845,1.0000
6.3398,9.5488,54.2941,1.0000
1.0590,3.4164,0.0000,0.0000
1.4034,4.5062,24.1612,0.0000
4.1911,7.1004,55.1491,1.0000
9.6623,4.3684,61.8241,1.0000
5.9604,7.7567,72.7141,1.0000
9.3302,4.4986,65.8308,1.0000
8.0436,3.6941,49.1527,0.0000
4.6738,4.4489,36.0263,0.0000
7.8476,5.9591,65.4931,1.0000
0.1784,4.2330,14.6921,0.0000
1.0914,3.9428,15.8425,0.0000
8.2943,9.0220,64.4134,1.0000
7.9682,5.2428,63.9295,1.0000
2.3264,5.5253,38.8895,0.0000
5.3077,3.3869,26.8426,0.0000
6.0602,5.5016,54.0599,1.0000
8.6774,4.8537,62.2225,1.0000
6.0311,7.2734,64.3452,1.0000
4.1257,4.4377,37.2368,0.0000
3.7418,9.2186,50.2215,1.0000
4.2588,9.5077,52.5561,1.0000
6.5193,3.6988,37.5212,0.0000
8.6749,3.7518,48.4522,0.0000
4.5390,3.8073,32.1732,0.0000
2.4784,7.3370,49.7822,0.0000
2.3666,3.8538,18.5065,0.0000
7.4601,8.9667,71.1600,1.0000
8.1657,8.2799,78.5303,1.0000
1.0528,8.7387,42.3621,0.0000
0.6656,6.6824,44.1044,0.0000
5.9443,9.9767,48.9875,0.0000
1.4617,3.3092,7.2391,0.0000
8.2466,5.8089,70.5584,1.0000
3.1033,5.2676,40.1568,0.0000
1.4387,9.6405,30.4329,0.0000
9.2097,7.0380,74.6794,1.0000
1.6553,8.6433,41.0329,0.0000
2.8472,4.1924,24.2820,0.0000
1.5361,9.8504,31.9755,0.0000
1.1549,6.4905,35.5601,0.0000
0.2115,6.4557,29.4777,0.0000
0.5540,9.7962,28.1620,0.0000
1.7464,5.6651,37.6022,0.0000
0.5338,5.7827,34.0878,0.0000
5.9114,7.0933,72.9698,1.0000
6.8071,3.8964,44.1726,0.0000
3.9363,5.2476,46.4752,0.0000
3.1799,4.3525,26.7753,0.0000
5.0453,3.7230,26.5470,0.0000
8.7500,9.0630,80.1956,1.0000
8.5113,7.1253,73.5819,1.0000
0.4348,5.5107,25.0834,0.0000
1.8150,5.8607,38.5438,0.0000
2.3674,6.0206,42.0994,0.0000
2.4939,7.4320,43.8501,0.0000
5.7123,9.4874,54.4423,1.0000
4.1626,9.5295,52.4932,1.0000
0.4925,5.7404,28.0467,0.0000
3.7361,5.3048,38.4685,0.0000
5.2375,6.1573,61.3525,1.0000
1.0167,6.9755,41.5027,0.0000
8.3346,6.2327,70.9789,1.0000
0.5196,7.6113,31.2447,0.0000
9.2484,6.8808,77.4968,1.0000
0.9911,5.2450,29.5669,0.0000
8.4357,5.4201,73.1896,1.0000
9.0265,5.6501,69.1424,1.0000
9.7957,3.6625,54.1873,1.0000
8.0203,4.1624,55.5232,1.0000
7.7948,8.0618,63.8176,1.0000
6.4248,5.7237,64.9487,1.0000
7.7900,4.5018,51.2413,1.0000
1.3455,6.9387,42.4255,0.0000
5.3607,8.2888,61.5458,1.0000
5.1422,4.8020,50.4906,1.0000
8.5757,8.7875,76.7668,1.0000
4.6280,9.4925,40.6904,0.0000
3.8509,7.1818,50.9128,1.0000
6.3956,7.6826,67.4643,1.0000
2.6646,3.3680,13.3969,0.0000
1.3977,9.6186,34.9216,0.0000
4.7788,5.7474,55.9081,1.0000
4.1689,9.4673,50.5377,1.0000
2.3257,7.0528,45.3715,0.0000
3.6751,3.0323,6.0701,0.0000
3.6639,3.2698,15.7084,0.0000
3.2750,7.7629,52.9020,1.0000
3.7946,6.9387,48.9812,0.0000
6.8574,3.1857,34.5864,0.0000
2.9688,8.2042,52.4855,1.0000
9.4886,8.9650,78.6578,1.0000
9.1635,6.4749,66.4607,1.0000
4.8091,6.2603,50.8595,1.0000
3.2836,3.0383,19.1495,0.0000
5.3543,8.5065,57.5593,1.0000
8.4856,5.3150,59.9431,1.0000
6.5259,9.1513,67.1165,1.0000
8.0439,5.6114,68.1396,1.0000
5.3272,6.9555,65.4630,1.0000
6.3292,4.8924,54.1545,1.0000
2.8816,4.1241,28.4489,0.0000
7.3489,8.4244,71.4878,1.0000
2.0240,6.4761,45.8136,0.0000
6.9480,6.7554,77.7408,1.0000
8.6072,9.7579,71.7236,1.0000
1.3210,9.7451,25.2032,0.0000
6.1438,8.9895,63.0684,1.0000
0.9510,4.3133,24.0102,0.0000
7.2572,7.1599,75.8653,1.0000
0.8449,9.1470,32.0928,0.0000
9.3594,5.6212,79.3973,1.0000
1.3741,3.7077,16.8189,0.0000
9.5888,8.6767,90.4646,1.0000
8.0088,6.3723,69.5010,1.0000
5.9368,6.9507,62.0511,1.0000
7.8262,9.8750,61.6254,1.0000
7.9511,7.2505,72.6703,1.0000
9.4603,5.9749,74.0891,1.0000
2.5338,5.5899,29.3214,0.0000
5.9008,5.9233,57.7933,1.0000
0.9505,3.8288,14.2744,0.0000
6.1617,8.5633,61.5744,1.0000
1.7129,8.8640,47.5850,0.0000
5.6495,4.9908,50.7087,1.0000
5.7243,5.1266,57.5194,1.0000
4.6599,9.1203,54.0939,1.0000
5.2263,3.1678,26.9012,0.0000
7.6392,6.6432,72.8449,1.0000
7.9924,6.2457,77.2910,1.0000
4.9215,7.8309,59.6124,1.0000
5.9959,4.1437,44.4352,0.0000
9.3124,7.6783,82.9636,1.0000
1.1973,5.6371,32.8930,0.0000
1.1710,7.3310,42.4180,0.0000
0.8771,3.2807,12.7174,0.0000
6.5786,6.2321,63.5964,1.0000
4.1861,6.6558,56.1828,1.0000
7.7432,4.5003,60.7506,1.0000
6.7123,3.9774,48.3047,0.0000
3.3364,4.3193,31.4953,0.0000
8.9837,5.4090,61.6401,1.0000
7.6253,3.6777,45.9730,0.0000
2.7053,9.6312,30.5645,0.0000
3.6419,5.8350,53.5446,1.0000
3.1444,8.6628,48.6957,0.0000
1.5761,9.8209,36.1059,0.0000
1.4778,3.5651,7.8146,0.0000
9.3613,7.5617,75.5887,1.0000
4.3790,9.0999,52.8191,1.0000
3.8332,7.4396,54.0243,1.0000
7.2969,6.0032,65.0372,1.0000
5.5299,6.0175,58.5929,1.0000
9.3614,3.2513,56.7737,1.0000
7.8030,6.7422,76.2047,1.0000
4.7937,9.9548,51.1144,1.0000
3.7636,9.7110,47.4171,0.0000
9.8663,3.2828,54.6798,1.0000
7.1776,7.9406,69.7395,1.0000
9.5119,5.1124,62.9390,1.0000
1.1848,9.3209,33.5381,0.0000
8.5053,3.3158,45.7586,0.0000
6.3707,9.5511,54.5603,1.0000
1.2192,8.8623,36.6787,0.0000
5.8826,3.8225,34.5983,0.0000
6.8610,3.4188,42.0001,0.0000
0.1230,8.8430,35.0059,0.0000
4.5432,4.0903,37.0700,0.0000
8.2540,6.7443,77.6142,1.0000
2.9536,9.4102,42.3211,0.0000
4.5855,6.9721,58.1604,1.0000
4.4231,5.7806,46.4625,0.0000
3.0193,6.1151,37.5148,0.0000
9.1844,3.4418,48.5848,0.0000
7.8129,9.7813,64.9523,1.0000
1.1059,5.1746,34.5513,0.0000
9.9703,4.3255,70.9827,1.0000
8.7920,5.0023,72.7633,1.0000
2.8391,9.7506,35.0728,0.0000
8.3690,3.6600,45.9446,0.0000
1.0642,9.0711,37.3055,0.0000
9.9910,7.9549,94.6690,1.0000
6.6568,8.8101,70.7717,1.0000
6.5013,9.8313,61.1141,1.0000
0.9044,8.8951,34.0784,0.0000
8.9703,9.6037,67.4680,1.0000
0.2900,3.8885,13.5204,0.0000
2.4083,8.5705,40.3467,0.0000
1.4302,6.8197,40.2718,0.0000
7.7677,6.8045,72.4118,1.0000
1.9820,9.2925,44.8561,0.0000
9.1064,9.8026,68.5089,1.0000
6.5627,7.9339,57.6800,1.0000
0.3616,6.3806,36.3197,0.0000
0.0543,6.1948,29.0685,0.0000
0.5166,5.7044,31.3050,0.0000
6.0593,5.5312,57.1970,1.0000
8.0148,5.7405,67.7879,1.0000
2.3855,3.6283,20.1085,0.0000
8.4941,3.5421,40.0083,0.0000
0.5723,8.4591,33.9538,0.0000
8.0096,6.1225,73.9894,1.0000
9.2780,9.5148,70.8147,1.0000
7.7211,7.2855,67.0782,1.0000
6.9812,3.2462,36.3912,0.0000
8.3798,4.1027,58.3076,1.0000
0.4015,4.4407,18.1094,0.0000
2.0178,9.8302,26.3865,0.0000
1.2492,4.5309,26.4393,0.0000
5.0453,6.6103,52.0038,1.0000
7.4519,9.5532,65.0630,1.0000
6.3001,9.8403,51.9963,1.0000
8.5113,4.6545,56.7237,1.0000
1.5521,3.3438,6.4454,0.0000
7.3462,4.0752,47.5395,0.0000
1.9304,3.4433,9.1616,0.0000
2.7076,4.3659,31.2472,0.0000
7.0990,6.9800,68.1701,1.0000
9.8020,9.3871,80.8084,1.0000
6.1154,6.7605,65.6082,1.0000
0.5450,7.3819,34.9069,0.0000
6.1631,4.4131,43.2934,0.0000
0.4235,8.6041,28.0895,0.0000
8.8415,7.3245,80.3086,1.0000
7.0958,9.0490,64.2620,1.0000
1.7313,9.6419,24.9921,0.0000
0.9172,5.4353,28.9173,0.0000
1.8353,3.6341,10.6814,0.0000
9.8003,4.5815,73.2688,1.0000
4.5856,6.0649,46.9978,0.0000
7.8408,9.6199,59.4511,1.0000
6.3641,5.6482,64.4017,1.0000
5.7241,8.3954,67.4442,1.0000
1.4513,6.7833,38.2494,0.0000
9.4602,4.2797,59.0317,1.0000
3.0134,5.2451,42.3633,0.0000
5.7802,7.5723,54.5820,1.0000
6.9978,7.7100,62.4558,1.0000
6.4923,6.0433,62.0949,1.0000
9.4059,4.6005,71.4153,1.0000
1.4844,8.0533,40.0666,0.0000
5.0835,4.1821,38.8046,0.0000
4.0403,9.5567,51.2769,1.0000
4.7417,4.3153,46.8517,0.0000
1.1922,3.7512,10.5463,0.0000
1.3409,6.4835,39.5710,0.0000
2.7808,6.6368,54.7019,1.0000
3.0470,6.5574,42.3693,0.0000
4.2790,6.0567,56.3391,1.0000
6.1099,9.9637,49.3364,0.0000
6.3463,6.4040,64.7388,1.0000
4.1181,6.3456,51.9549,1.0000
4.0878,5.9524,46.8167,0.0000
2.1763,3.4678,9.4314,0.0000
5.8831,7.1507,65.2769,1.0000
3.1704,4.5958,37.9652,0.0000
0.3606,7.4633,36.2813,0.0000
4.1840,3.3558,21.8522,0.0000
4.7413,9.8697,49.7603,0.0000
2.2559,6.2830,39.4312,0.0000
5.7246,9.2773,60.2642,1.0000
5.6577,6.3289,63.8231,1.0000
7.0200,3.4223,47.2596,0.0000
6.4795,8.7555,62.7405,1.0000
6.5243,7.5373,65.7865,1.0000
3.1621,8.4723,51.9958,1.0000
7.8743,5.9972,73.1311,1.0000
5.4914,7.4656,60.3145,1.0000
4.3142,8.9936,50.4966,1.0000
6.2601,7.4175,68.4515,1.0000
3.6066,5.4337,41.1835,0.0000
5.1274,7.6377,58.9569,1.0000
7.3671,7.7030,72.1113,1.0000
8.8640,9.7241,73.4106,1.0000
9.2106,5.5964,71.3870,1.0000
5.0363,5.9756,48.1643,0.0000
5.2028,8.6849,50.5396,1.0000
7.9987,6.5403,68.1140,1.0000
3.1445,8.1560,44.6092,0.0000
8.3738,6.2180,72.9635,1.0000
4.9414,4.5085,37.0530,0.0000
1.1586,8.2164,36.9553,0.0000
0.7206,3.9181,9.8464,0.0000
8.4199,4.3901,55.9945,1.0000
0.5557,7.3878,43.0432,0.0000
2.8061,8.2309,50.6100,1.0000
3.3413,9.2628,45.5560,0.0000
1.7299,4.9081,28.3698,0.0000
3.1389,3.7751,21.2115,0.0000
7.4269,9.6923,63.8330,1.0000
0.1468,4.0810,14.6912,0.0000
8.2717,4.3837,53.3052,1.0000
8.5655,5.0393,65.8633,1.0000
3.7226,6.7057,44.2249,0.0000
1.5361,9.1798,37.8842,0.0000
6.0084,8.3238,66.7333,1.0000
1.1967,7.9571,39.4455,0.0000
3.6492,4.2263,39.0774,0.0000
9.5843,5.5038,71.4267,1.0000
9.9546,6.3488,82.9926,1.0000
7.7210,4.0320,49.4076,0.0000
3.1096,4.9140,36.7722,0.0000
6.8767,5.1583,57.9591,1.0000
7.0541,3.8909,44.6480,0.0000
3.8784,6.8517,56.9433,1.0000
6.4089,7.9352,72.1766,1.0000
0.1073,3.4895,3.3595,0.0000
2.0906,6.3679,46.1507,0.0000
5.2509,8.4755,56.5442,1.0000
1.6375,8.2359,45.1682,0.0000
1.6591,8.7055,37.3409,0.0000
8.3630,6.1377,77.4660,1.0000
9.8913,8.7439,90.2046,1.0000
5.5597,4.6853,46.4647,0.0000
8.3907,5.5257,60.3874,1.0000
9.9032,4.2345,60.9967,1.0000
1.4160,6.2724,43.9933,0.0000
4.4825,5.7444,53.4605,1.0000
3.9257,4.6865,39.7926,0.0000
0.8005,8.2625,41.8744,0.0000
7.5533,5.1969,64.0960,1.0000
4.3378,4.9096,48.1398,0.0000
4.6933,3.9162,36.4573,0.0000
1.5067,6.0718,44.5407,0.0000
1.8093,5.1208,34.1599,0.0000
9.0710,5.5849,76.6411,1.0000
0.4465,4.6520,19.7815,0.0000
2.3285,8.3421,42.8185,0.0000
2.9206,9.5100,48.3496,0.0000
4.9020,6.4855,58.3164,1.0000
5.8645,7.5010,67.5418,1.0000
4.9329,9.0702,55.2284,1.0000
0.8412,9.9918,24.4415,0.0000
2.4367,7.2946,47.1429,0.0000
8.4359,9.2285,76.9483,1.0000
6.3759,9.3603,62.1793,1.0000
6.4915,8.5402,58.4477,1.0000
6.7020,6.2265,64.4057,1.0000
7.6290,3.5681,49.3543,0.0000
0.5811,3.1106,0.0000,0.0000
3.6661,6.3404,43.4392,0.0000
5.3953,6.4602,67.3862,1.0000
3.3846,5.8515,49.2175,0.0000
8.4448,6.9772,76.3972,1.0000
4.8257,6.8651,56.8369,1.0000
7.6863,8.8563,74.0817,1.0000
8.5202,3.7606,47.4666,0.0000
5.0479,4.5762,47.7359,0.0000
9.0955,8.5510,80.4370,1.0000
5.8712,8.9349,61.2173,1.0000
8.5027,9.9638,65.9555,1.0000
3.4059,9.1104,46.1430,0.0000
4.9882,9.2293,58.1425,1.0000
5.3141,5.2004,47.5332,0.0000
1.0498,5.8116,28.0601,0.0000
3.9855,4.8766,43.6209,0.0000
9.1734,7.2441,83.2609,1.0000
6.3083,9.5716,59.8792,1.0000
1.7751,5.4125,36.7908,0.0000
3.3886,6.8990,49.9382,0.0000
1.9160,5.0741,35.9601,0.0000
0.2482,4.1886,14.1282,0.0000
9.2746,4.3663,59.7844,1.0000
4.4821,3.4056,22.6349,0.0000
3.0754,9.6451,49.2568,0.0000
5.9848,5.8202,52.3402,1.0000
0.0731,8.8388,33.7799,0.0000
2.7802,7.7693,42.0396,0.0000
7.0303,4.3434,49.7911,0.0000
6.3377,4.2282,43.5451,0.0000
9.8181,8.6839,72.9469,1.0000
6.2036,4.8530,53.5606,1.0000
4.7751,9.3930,50.1883,1.0000
7.6143,3.9804,39.8995,0.0000
9.0333,7.7440,83.4056,1.0000
7.2070,8.7013,73.8885,1.0000
9.6321,4.6468,72.8395,1.0000
7.8201,4.9335,62.3617,1.0000
8.6680,9.7516,68.3846,1.0000
1.1410,4.8522,31.9960,0.0000
7.3241,6.0097,73.9082,1.0000
4.4009,6.0276,57.2028,1.0000
5.5310,4.7712,43.9968,0.0000
6.5410,8.4305,66.7787,1.0000
9.6982,8.4029,83.6182,1.0000
9.8458,5.6482,70.1323,1.0000
2.8823,8.8459,47.6661,0.0000
7.3375,4.4915,62.6778,1.0000
7.4998,3.0301,35.0996,0.0000
3.4649,6.9982,57.7146,1.0000
1.2387,9.9585,29.8363,0.0000
0.4095,3.2705,0.9773,0.0000
7.7734,4.4560,56.8602,1.0000
4.8970,6.6324,54.7162,1.0000
9.8554,8.6696,77.6860,1.0000
4.6497,3.6233,33.2562,0.0000
9.7792,5.7666,83.3762,1.0000
4.1158,8.2295,50.5499,1.0000
7.9368,5.6008,71.3422,1.0000
0.8482,4.3219,18.6919,0.0000
5.5546,4.3685,44.5194,0.0000
8.0206,5.8703,71.6323,1.0000
9.2470,6.3559,82.5946,1.0000
8.2258,9.0327,71.7617,1.0000
0.3697,7.4958,42.4891,0.0000
3.7270,7.8328,54.6512,1.0000
0.4870,9.8809,28.5942,0.0000
1.0928,5.8829,31.9011,0.0000
6.7531,5.8235,71.7785,1.0000
7.1326,9.4634,64.8321,1.0000
7.7372,4.7211,61.0938,1.0000
8.6546,8.1087,71.0990,1.0000
7.3943,8.2820,67.4577,1.0000
8.0087,3.6845,50.8793,1.0000
0.4896,6.2776,35.6073,0.0000
2.3454,4.4039,19.9004,0.0000
6.2190,4.2976,49.7377,0.0000
8.5813,6.2468,72.5901,1.0000
0.0450,5.0260,28.6290,0.0000
5.1463,8.5724,58.0799,1.0000
6.7729,9.3532,62.8142,1.0000
0.2961,8.6190,38.6917,0.0000
4.0136,4.8622,37.5620,0.0000
8.9563,4.9189,62.4866,1.0000
6.7161,4.7831,53.0315,1.0000
2.3766,3.9453,24.9194,0.0000
8.5278,9.6066,63.4401,1.0000
3.4803,5.8143,40.0465,0.0000
8.5334,4.5728,63.8254,1.0000
2.9894,8.9267,43.4643,0.0000
5.9032,5.7944,57.1287,1.0000
3.9694,3.2458,11.2236,0.0000
2.7483,4.1336,23.3599,0.0000
8.8656,7.4748,79.2963,1.0000
1.8759,8.4803,46.1791,0.0000
0.8481,4.4765,17.8730,0.0000
3.4193,9.4218,51.3395,1.0000
7.1764,8.9570,63.8982,1.0000
8.0743,8.9387,68.4997,1.0000
9.9874,4.5936,74.1926,1.0000
2.9636,3.3538,16.2812,0.0000
4.0794,9.0720,48.2469,0.0000
1.3682,5.1406,30.0870,0.0000
5.7487,7.3324,69.0997,1.0000
9.9758,8.3198,89.3998,1.0000
7.0088,3.8981,40.8288,0.0000
5.9521,8.4659,62.7251,1.0000
3.9237,9.5696,46.4128,0.0000
9.1530,8.0986,76.1033,1.0000
4.9692,6.0886,55.6388,1.0000
1.3437,9.1367,36.3818,0.0000
3.6538,6.6922,56.5247,1.0000
0.6717,8.2134,42.1702,0.0000
2.0198,8.7435,40.6893,0.0000
0.1767,8.2455,33.9162,0.0000
4.5328,5.0150,47.9706,0.0000
6.3454,3.8249,37.3736,0.0000
3.4329,4.6684,38.4829,0.0000
4.2038,6.5201,53.7472,1.0000
9.5921,6.5369,77.2279,1.0000
7.5196,7.0785,68.4155,1.0000
5.4086,5.7657,61.8156,1.0000
2.8454,8.5082,46.5683,0.0000
8.9700,9.3921,79.2514,1.0000
2.3510,4.7271,29.3221,0.0000
3.2534,8.1557,51.5722,1.0000
9.0906,7.7458,89.9031,1.0000
5.2954,6.6616,55.8418,1.0000
7.4232,4.3197,44.2962,0.0000
5.9074,8.5666,67.4082,1.0000
6.5344,9.7244,54.4690,1.0000
2.9938,8.0529,49.2750,0.0000
2.4137,9.4250,37.3135,0.0000
3.2249,9.8893,40.7798,0.0000
1.5544,5.4644,30.6822,0.0000
8.7431,7.4676,77.9939,1.0000
2.8325,6.3175,48.1651,0.0000
5.6149,9.9064,47.4597,0.0000
7.9197,3.6567,42.2558,0.0000
7.8382,5.8866,67.5957,1.0000
4.3839,9.1288,45.8982,0.0000
4.7626,4.9884,44.5059,0.0000
9.9470,8.5145,83.1517,1.0000
6.7460,5.6795,60.5031,1.0000
8.1464,9.8598,63.5086,1.0000
9.0255,9.1847,74.3716,1.0000
7.8759,5.1092,60.3251,1.0000
1.8518,8.3914,45.4342,0.0000
5.6217,5.3580,59.6761,1.0000
1.0189,7.2445,38.1067,0.0000
6.5292,7.6094,69.5630,1.0000
9.5535,8.8072,78.3916,1.0000
5.1273,3.1712,24.6208,0.0000
4.3297,4.5411,45.4016,0.0000
0.3584,7.9834,38.3594,0.0000
9.5977,6.9447,75.2783,1.0000
1.0300,6.4692,39.8412,0.0000
0.4108,3.3865,8.1431,0.0000
2.4607,5.4379,37.9127,0.0000
0.6553,9.0557,37.4186,0.0000
4.5512,3.2162,18.2944,0.0000
5.1609,5.7751,48.9114,0.0000
3.1257,9.6160,42.2379,0.0000
0.5096,3.3562,0.0000,0.0000
1.1160,8.2479,38.5021,0.0000
3.8450,4.8033,44.8281,0.0000
0.6053,9.0663,25.4810,0.0000
6.9819,8.2225,63.7476,1.0000
2.0702,9.1999,35.4433,0.0000
3.0207,4.5115,31.9877,0.0000
3.9413,6.7190,52.0237,1.0000
4.1661,8.4549,59.6034,1.0000
0.0166,4.7199,23.4425,0.0000
1.1207,4.6152,25.9407,0.0000
8.6276,3.1903,41.5733,0.0000
0.0123,9.7096,26.8698,0.0000
5.0817,7.9701,56.5184,1.0000
4.8950,7.4489,62.8987,1.0000
3.3309,8.2080,46.2041,0.0000
4.3133,6.7213,58.6951,1.0000
7.8058,6.3329,76.0496,1.0000
8.4120,6.1467,74.2409,1.0000
2.6035,7.4831,47.3120,0.0000
3.2249,4.4107,33.6388,0.0000
2.4248,9.2164,29.7859,0.0000
4.7986,8.6823,57.4067,1.0000
6.8326,5.4469,60.2794,1.0000
2.2825,7.0503,45.8056,0.0000
3.3074,3.9872,29.6833,0.0000
9.3038,9.8064,70.5810,1.0000
0.4857,9.3202,26.2410,0.0000
4.6077,9.4533,49.8422,0.0000
7.1156,5.3251,61.3881,1.0000
1.5045,4.1839,20.9900,0.0000
0.4737,4.4824,19.8046,0.0000
1.3821,3.6300,16.1141,0.0000
9.1882,3.8408,49.8172,0.0000
0.0926,3.4991,4.1519,0.0000
1.8832,9.9288,37.7781,0.0000
0.3128,3.5184,0.0000,0.0000
1.1063,3.9278,15.7288,0.0000
6.2015,8.7908,60.3337,1.0000
2.4164,7.0617,45.2149,0.0000
5.6921,8.4209,58.1452,1.0000
5.9020,7.4164,63.8176,1.0000
8.4944,9.1752,79.2240,1.0000
0.0474,7.4693,30.1775,0.0000
8.5337,6.6549,71.5616,1.0000
6.1912,7.9892,60.2695,1.0000
1.6274,6.1317,46.3026,0.0000
7.7294,5.4224,63.1651,1.0000
8.5549,6.2736,74.6637,1.0000
2.5426,4.1880,24.1633,0.0000
9.1879,8.5760,74.8464,1.0000
4.5446,4.8249,42.4702,0.0000
6.0342,4.0747,51.5391,1.0000
9.8465,4.7245,74.3936,1.0000
3.6154,8.8945,45.7758,0.0000
8.1316,5.3114,68.6684,1.0000
3.1840,7.8023,47.4110,0.0000
7.9921,8.9949,63.3859,1.0000
6.0073,3.5442,37.8182,0.0000
2.1636,8.3552,48.9955,0.0000
4.1403,5.1537,48.8749,0.0000
3.1764,4.5164,31.1981,0.0000
0.7811,7.8223,38.0305,0.0000
0.2983,9.3686,32.5076,0.0000
3.4648,5.0651,42.0328,0.0000
0.1903,6.9818,33.8402,0.0000
1.6549,5.0288,24.5848,0.0000
7.2518,6.8800,70.9459,1.0000
7.0809,7.3530,74.6774,1.0000
7.3858,7.2723,67.0350,1.0000
3.1715,7.3648,53.3762,1.0000
8.9002,3.9456,55.5590,1.0000
5.9383,7.8548,67.4404,1.0000
1.2603,7.7233,44.6895,0.0000
1.4372,7.7781,39.2534,0.0000
6.9310,3.5185,31.4822,0.0000
1.7294,6.1279,37.7476,0.0000
5.0729,5.8632,58.5632,1.0000
9.9177,3.6070,52.1095,1.0000
0.0401,4.5566,15.0967,0.0000
0.1658,6.0867,24.5490,0.0000
9.9308,8.2003,90.6839,1.0000
5.8464,4.6594,51.3972,1.0000
1.2691,8.8082,41.0020,0.0000
8.9730,6.8206,82.8128,1.0000
8.8038,8.3230,79.9713,1.0000
5.3620,6.3079,57.9905,1.0000
6.2179,6.4944,63.4119,1.0000
2.7319,7.3380,46.8966,0.0000
0.5052,9.4958,40.0986,0.0000
5.9457,6.4427,64.7162,1.0000
2.9476,6.7006,46.6045,0.0000
6.6362,7.2140,69.8794,1.0000
8.3625,8.1626,71.8907,1.0000
0.1816,3.5030,9.9733,0.0000
5.9571,6.6098,60.5565,1.0000
2.3128,6.3711,46.0197,0.0000
8.7389,9.4518,75.3393,1.0000
2.5366,6.4545,47.0364,0.0000
6.1077,6.2782,62.9310,1.0000
5.5354,9.7354,52.7262,1.0000
3.9617,6.1540,50.9593,1.0000
6.7762,4.2662,45.6592,0.0000
7.2577,4.5184,51.7108,1.0000
5.6694,3.6663,39.8709,0.0000
7.5842,3.0040,32.0585,0.0000
9.8342,6.0236,76.6683,1.0000
4.1927,8.3847,52.3330,1.0000
5.1458,8.1343,64.3261,1.0000
0.1247,3.2250,1.7754,0.0000
7.9603,6.9899,76.5223,1.0000
5.2023,4.0800,36.5884,0.0000
4.0796,9.5875,48.9759,0.0000
0.9407,4.1716,14.9723,0.0000
8.8966,7.3865,78.4186,1.0000
3.9501,5.2837,48.8053,0.0000
6.8258,7.4909,72.6260,1.0000
1.4937,5.8858,33.3299,0.0000
9.6155,8.3175,78.3188,1.0000
1.7844,4.6148,27.7076,0.0000
1.9954,9.3405,45.1064,0.0000
8.5898,6.5015,68.2927,1.0000
9.1258,8.2927,80.4859,1.0000
2.1215,8.9481,35.9091,0.0000
4.6980,9.9918,43.5346,0.0000
7.3349,4.5676,53.0193,1.0000
8.7837,5.0082,64.8186,1.0000
3.7905,4.7530,36.7258,0.0000
5.1702,4.8401,46.7297,0.0000
7.4172,7.0771,69.5871,1.0000
7.3114,9.9547,53.6563,1.0000
7.8296,9.9319,65.4388,1.0000
5.6993,6.6874,65.1876,1.0000
1.0462,7.4732,43.6020,0.0000
9.0397,9.0198,69.4162,1.0000
8.6557,9.5305,71.2282,1.0000
7.9810,4.4270,58.7224,1.0000
0.9986,6.6998,34.5877,0.0000
2.0440,8.8299,41.7195,0.0000
7.4360,5.1224,60.4091,1.0000
0.2314,6.0787,39.4852,0.0000
9.7922,9.8993,80.1455,1.0000
3.7714,9.8953,35.7246,0.0000
7.1931,9.3427,74.1499,1.0000
8.8757,8.5891,73.3452,1.0000
3.9463,4.8839,44.9664,0.0000
3.1913,5.2460,44.6771,0.0000
6.0874,6.8310,60.5591,1.0000
5.8099,6.9254,65.3623,1.0000
4.0914,6.5385,53.1780,1.0000
6.0177,7.4567,67.3023,1.0000
9.3538,5.8583,77.3011,1.0000
4.6764,8.2442,62.0596,1.0000
1.9674,5.3348,35.7630,0.0000
3.7721,5.3147,43.6381,0.0000
3.9411,3.8906,33.0338,0.0000
1.3111,4.3210,23.6648,0.0000
1.6287,8.9536,41.8447,0.0000
6.8456,6.1240,62.7829,1.0000
3.3948,4.5951,30.9157,0.0000
9.5490,8.3154,79.1443,1.0000
2.4360,6.8779,43.9225,0.0000
0.9892,3.1481,5.2128,0.0000
7.5350,5.2145,66.1324,1.0000
8.8104,4.2390,57.1632,1.0000
2.7811,7.5911,54.6127,1.0000
2.0209,4.9252,37.3193,0.0000
1.8577,3.4546,12.5318,0.0000
5.2201,3.3845,23.9391,0.0000
4.6842,7.0721,64.3561,1.0000
2.5944,3.1521,9.9188,0.0000
0.4517,8.9415,33.6072,0.0000
4.8149,4.0878,34.4297,0.0000
9.5933,7.2460,79.2784,1.0000
6.5252,6.1128,57.9028,1.0000
4.9551,6.1000,58.3866,1.0000
1.1069,3.5026,5.4423,0.0000
2.5244,8.6193,57.3544,1.0000
2.9477,9.2514,39.2598,0.0000
7.6480,3.0771,29.0869,0.0000
8.7671,4.2502,59.7541,1.0000
9.0164,9.3273,79.5211,1.0000
9.8457,6.8465,83.6325,1.0000
9.8237,4.0503,62.6061,1.0000
9.5300,4.4195,56.2972,1.0000
0.7182,7.6199,35.8523,0.0000
1.3779,8.0737,36.9369,0.0000
3.0447,7.1960,42.4583,0.0000
5.5290,9.6720,53.6773,1.0000
0.9698,6.4584,28.7079,0.0000
8.4580,5.1019,60.4993,1.0000
6.1676,6.3406,61.0008,1.0000
5.4236,5.5177,50.9338,1.0000
1.6531,4.5709,27.6921,0.0000
2.5326,3.3217,13.9694,0.0000
1.6031,5.4655,38.3123,0.0000
8.5193,7.9799,80.1457,1.0000
5.8423,3.1291,30.5645,0.0000
7.3513,6.0742,67.6833,1.0000
2.9603,7.5081,51.0154,1.0000
3.7125,7.2728,55.5055,1.0000
4.0485,8.4365,54.0552,1.0000
7.6001,8.6736,68.6571,1.0000
7.7235,7.9819,71.8233,1.0000
2.0681,3.7196,13.4874,0.0000
9.4154,6.3252,81.0029,1.0000
1.2066,7.2238,40.5042,0.0000
8.9612,4.7190,61.6851,1.0000
1.0040,3.2979,2.0549,0.0000
2.6454,4.5651,26.1585,0.0000
8.4648,6.1843,77.7770,1.0000
1.7949,5.8975,39.1531,0.0000
4.1357,4.2367,30.9285,0.0000
4.4986,8.7709,57.4967,1.0000
2.4526,9.4798,37.1819,0.0000
7.1025,4.4094,45.7831,0.0000
8.5133,9.5070,73.5954,1.0000
8.7458,3.1250,38.2996,0.0000
3.3932,9.4747,42.5313,0.0000
5.3085,9.6635,52.3458,1.0000
2.4841,3.0844,12.9950,0.0000
2.4480,8.3411,45.9050,0.0000
1.6125,9.7914,27.7651,0.0000
9.4002,9.3413,77.3956,1.0000
8.8799,9.7950,66.9257,1.0000
7.7736,6.8523,80.5805,1.0000
5.1766,3.5471,29.6276,0.0000
4.9061,8.9485,46.3938,0.0000
5.2975,7.2968,62.8342,1.0000
5.3657,7.3032,69.5293,1.0000
4.3456,5.9208,58.0439,1.0000
1.3175,7.0029,48.4173,0.0000
1.2566,4.0751,13.7437,0.0000
9.5225,8.1784,85.3407,1.0000
4.8203,3.5251,24.6142,0.0000
9.5321,8.1085,82.8170,1.0000
1.6358,8.9428,33.9234,0.0000
5.5442,6.3073,57.2978,1.0000
2.0772,6.5688,40.9467,0.0000
2.5318,5.1855,40.5396,0.0000
0.3005,9.7862,29.2521,0.0000
1.1895,8.1319,41.2564,0.0000
9.1685,5.5829,68.0903,1.0000
3.2153,4.2237,28.3612,0.0000
6.0813,4.5371,44.8639,0.0000
4.6501,6.2475,58.5917,1.0000
4.0045,9.5980,50.9323,1.0000
5.3189,8.1390,65.0031,1.0000
1.8724,4.5067,23.4215,0.0000
9.8860,9.0169,68.8699,1.0000
8.1831,5.6474,61.9833,1.0000
7.4161,8.9621,73.4920,1.0000
4.6876,4.6919,41.0621,0.0000
1.5288,7.3306,39.5836,0.0000
9.2067,9.4867,79.7100,1.0000
3.4139,4.8053,42.6067,0.0000
0.5011,7.8505,37.3574,0.0000
3.4240,9.9112,39.3189,0.0000
7.9446,4.0542,50.4472,1.0000
6.2271,3.6188,36.9169,0.0000
7.5084,7.7194,78.8459,1.0000
7.9364,5.3782,67.3672,1.0000
2.1195,3.4987,16.4812,0.0000
9.2378,6.3271,83.1150,1.0000
4.3799,8.2764,51.0152,1.0000
6.3901,4.9959,57.4287,1.0000
0.0231,5.3453,24.6519,0.0000
9.9337,8.9199,70.5718,1.0000
2.8090,6.6405,39.0547,0.0000
